0,1
10/17/2022,tesla netflix make break nasdaq week
10/17/2022,buffett back byd report solid number silver lining tesla
10/17/2022,tesla could zombie stock interest rate rise
10/17/2022,tesla stock byd stock tsla bear low earnings loom byd profit skyrocket
10/17/2022,linkedin founder reid hoffman bullish robot like elon musk optimus
10/17/2022,dow jones surge point bank america jump earnings apple call top pick
10/17/2022,best stock buy watch
10/17/2022,robot like tesla optimus linkedins reid hoffman say
10/17/2022,best long term growth stock invest
10/17/2022,ceo mary barra discus solar energy storage system rival tesla
10/17/2022,california lead countryor alienate business
10/17/2022,mercedes unveil paris dont call tesla model competitor
10/17/2022,watch tesla berkshire hathaway market cap surge
10/17/2022,dow jones future jump news still bear market netflix tesla earnings ahead
10/17/2022,berkshire stock big meta nvidia tesla next
10/17/2022,look earnings sign market bottom dont fool
10/17/2022,tesla step job recession cloud gather
10/17/2022,widely hold stock split stock skyrocket plunge accord wall street
10/17/2022,berkshire market value near tesla top meta nvidia year
10/17/2022,dow jones future rise still bear market proven otherwise netflix tesla earnings ahead
10/17/2022,tesla step job recession cloud gather reuters
10/17/2022,wall future higher focus earnings reuters
10/17/2022,ev hybrid make renault brand europe sale exec reuters
10/17/2022,kanye west comprar red social parler plataforma que prefieren muchos conservadores
10/17/2022,housing market mess
10/17/2022,kanye west acquire conservative social medium platform parler
10/17/2022,earnings season gather pace week
10/17/2022,delivery miss snap tesla tsla earnings beat streak
10/17/2022,tesla tsla stock heat ahead earnings
10/17/2022,tesla stock today
10/17/2022,stock jump wild week investor digest wave corporate earnings report
10/16/2022,elon musk combination einstein tesla rockefeller say former spacex exec even mother admit one want
10/16/2022,tesla make money
10/16/2022,ukraine envoy hopeful find funding elon musk starlink network
10/16/2022,best country live future
10/16/2022,elon musk jump geopolitics ahead plan twitter takeover
10/16/2022,netflix tesla stock good year come chance turn around
10/16/2022,morning bid hello darkness old friend reuters
10/16/2022,tesla investor try look past elon musk many many distraction
10/16/2022,tesla hit member congress lawmaker buy heavily stock dip
10/16/2022,best truck stock buy rid
10/15/2022,elon musk get middle night dug snow pick flower wife forget buy christmas present
10/15/2022,elon musk say publicly private text idea everything app
10/15/2022,elon musk suggest spacex cant afford provide starlink access ukraine much long might bear cost anyway
10/15/2022,tesla stock
10/15/2022,california push major progressive agenda work
10/15/2022,tesla stock cheap start buy back share
10/15/2022,tesla break monthly sale record china catch automaker yet
10/15/2022,thanks elon musk smell like burn hair
10/15/2022,tesla netflix set report earnings recession talk mount wall street journal
10/15/2022,earnings report watch next week
10/15/2022,tesla netflix set report earnings recession talk mount
10/14/2022,watch tiny electric race car smash world acceleration record second run mph
10/14/2022,elon musk investigate federal authority billion twitter deal company say court filing
10/14/2022,expect netflix subscription
10/14/2022,tesla stock high time buy
10/14/2022,elon musk attack pentagon
10/14/2022,stock market invest action plan beware bear bottom
10/14/2022,tesla stock dip elon musk twitter saga continue
10/14/2022,tesla sink november record high trouble pile
10/14/2022,market close red consumer discretionary tech sector among laggard
10/14/2022,cathie wood main etf close five year low drop record
10/14/2022,stock wall drop consumer data stokes inflation worry
10/14/2022,stock tumble end week tesla amazon among big laggard
10/14/2022,tesla open first collision center south florida
10/14/2022,tesla stock fall afternoon
10/14/2022,nflx stock tesla headline earnings calendar ibm lam research schlumberger also set report
10/14/2022,update tesla start german mass battery production handelsblatt
10/14/2022,shake accounting rule come crypto impact tesla others
10/14/2022,tesla rivian lucid favorite short seller
10/14/2022,tesla earnings come record delivery mask demand problem
10/14/2022,stock wall tumble profit drop big bank inflation worry
10/14/2022,nio short may cover soon maker stock sink year low
10/14/2022,goldman sachs stay super bullish elon musk lead tesla
10/14/2022,elon musk say spacex cant fund starlink indefinitely ukraine
10/14/2022,proterra stock sink week
10/14/2022,dow jones revers jpmorgan unitedhealth rally earnings retail sale miss
10/14/2022,big move see trade tesla
10/14/2022,elon musk say unreasonable spacex burn month continue provide crucial satellite service ukraine
10/14/2022,tesla tsla place ahead earnings
10/14/2022,dow jones future rise news stock surge bear market low unitedhealth jpmorgan report
10/14/2022,elon musk light blaze speculation gonzo share buyback week tesla earnings
10/14/2022,twitter lawyer say musk investigate acquisition conduct
10/14/2022,dow jones surge point bear market low hot inflation report
10/14/2022,stock edge low retail sale bank earnings caterpillar elon musk focus five thing know
10/14/2022,elon musk investigate authority deal twitter claim
10/14/2022,tesla could create catalyst stock
10/14/2022,ridiculous people think tesla isnt ethical
10/14/2022,tesla put plan battery cell production hold german plant handelsblatt reuters
10/14/2022,spacex capsule leave space station bring astronaut back earth reuters
10/14/2022,musk say spacex fund ukraine starlink internet indefinitely reuters
10/14/2022,grow disconnect wall street main street
10/14/2022,fast money final trade nflx cwan tsla
10/14/2022,major market index fell back earth friday approach low
10/14/2022,musk twitter deal laggard tesla stock say wedbush dan ives
10/14/2022,tesla buy back billion tsla stock
10/14/2022,tsla stock thing watch tesla report earnings oct
10/13/2022,elon musk get really angry employee first company zip still work clock night colleague tell bbc documentary
10/13/2022,electric vehicle become power plant wheel provide backup power home grid
10/13/2022,electric car demand rise cost live delay many make switch
10/13/2022,cathie wood tesla solution economy problem
10/13/2022,compete tesla volkswagen injects chinese autonomous driving venture
10/13/2022,could tesla stock unbalance iron condor return
10/13/2022,cathie wood excite see elon musk twitter
10/13/2022,ark founder cathie wood talk inflation feed tesla twitter stock gold
10/13/2022,stock decline inflationary fear cpi print
10/13/2022,dow jones dive point hot inflation report year treasury yield top apple tesla drop
10/13/2022,make sell buy drive car change forever here expect accord salesforce
10/13/2022,elon musk resurrect dogecoin
10/13/2022,elons musk burnt hair perfume net tech billionaire
10/13/2022,stock split stock buy hand fist avoid like plague
10/13/2022,sony honda make premium north america
10/13/2022,hopeful electric car get level play field market reuters com
10/13/2022,future jittery ahead cpi data reuters
10/13/2022,brain cell dish play video game pong scientist say
10/12/2022,elon musk kremlin deny tesla ceo speak putin russia invasion ukraine
10/12/2022,twitter review rule around permanent ban amid elon musk takeover attempt trump unlikely get account back report say
10/12/2022,ark invest flagship fund outpace decline see dot com bubble burst long term recovery difficult reason
10/12/2022,even mark zuckerberg confuse elon musk twitter saga
10/12/2022,ghostwriter make year craft tweet superstar vcs
10/12/2022,think earn keep money stock market saving account wrong
10/12/2022,unusual option activity tesla bear hit big
10/12/2022,tesla tsla gain market dip know
10/12/2022,anticipated earnings watch october
10/12/2022,best meme stock buy
10/12/2022,best active stock buy
10/12/2022,dow jones revers hot inflation data fed minute next pepsico jump earnings
10/12/2022,tesla tsla earnings expect grow buy
10/12/2022,good news tesla investor stock oversold
10/12/2022,dow jones future rise bond yield flux inflation report due
10/12/2022,nio xpeng stock bounce fall amid day lose streak
10/12/2022,dow jones future rise nasdaq hit fresh bear market low big inflation report due
10/12/2022,elon musk sell million worth quirky perfume burnt hair
10/12/2022,spacex take entrepreneur dennis tito starship around moon reuters
10/12/2022,wall future rise focus inflation data feed minute reuters
10/12/2022,elon musk sell million worth quirky perfume burnt hair reuters com
10/12/2022,tweet launch investigation tesla autopilot software
10/12/2022,elon musk deny claim speak vladimir putin war ukraine
10/12/2022,elon musk launch burnt hair perfume sell million worth hour
10/11/2022,drive sporty electric suv tesla kia buy model
10/11/2022,elon musk tout big plan tesla optimus robot expert doubt next big thing
10/11/2022,tesla ceo elon musk speak vladimir putin pitch ukraine peace plan twitter repeat kremlin talk point political scientist say
10/11/2022,ghislaine maxwell reportedly ask elon musk destroy internet famous photo two billionaire claim photobomb
10/11/2022,rivian lose billion market value single day recall nearly
10/11/2022,jpmorgan ceo jamie dimon say smart elon musk clean twitter remove bot account
10/11/2022,elon musk reportedly friend deadpan comedian nathan fielder try make laugh party
10/11/2022,announces energy division take tesla
10/11/2022,elon musk see way dangerous crisis
10/11/2022,take tesla solar power energy storage system
10/11/2022,tesla stock tumble today
10/11/2022,good news tesla investor stock oversold
10/11/2022,tesla delivery china plant set record trail view
10/11/2022,update many driver treat partially automated car self driving study
10/11/2022,lucid recall car maker feel grow pain
10/11/2022,best forever stock buy
10/11/2022,competition tesla heat time isnt car
10/11/2022,many driver treat partially automated car self drive study reuters
10/11/2022,take tesla home commercial energy storage management reuters
10/11/2022,volkswagen target automation electric vehicle plant reuters
10/11/2022,chinese battery maker catl expect profit nearly triple reuters
10/11/2022,mexico pursue deal locally produce vaccine med reuters
10/11/2022,future slide rise economic worry tech stock fall reuters
10/11/2022,honda locate billion battery plant ohio reuters
10/11/2022,start energy storage subsidiary take tesla powerwall
10/11/2022,elon musk niega informaci que habl con putin sobre ucrania
10/11/2022,confused driver think self driving car dangerous insurance group warns
10/11/2022,econ nobel offer timely warning central bank power
10/10/2022,rivian sink maker recall vehicle potential steering safety issue
10/10/2022,renault plan network charge station along european motorway reuters
10/10/2022,paypal say never intend fine user misinformation bloomberg news reuters
10/10/2022,future slip escalate ukraine war dip chip stock reuters
10/10/2022,amazon invest million electric vehicle european fleet
10/10/2022,elon musk commission bot analysis fight twitter show could face take platform
10/10/2022,tesla break china factory delivery record trail byd fox business
10/10/2022,musk china taiwan beijing praise taipei criticism comment
10/10/2022,tesla stock prediction tesla slide worth second glance
10/9/2022,bad news next raise probably disappointing
10/9/2022,chinese ambassador thanks musk proposal taiwan reuters com
10/8/2022,tesla competitor rivian recall nearly almost vehicle act urgency caution
10/8/2022,china taiwan tension war ukraine elon musk doling peace plan upset nearly everyone involved
10/8/2022,russia ukraine plan musk offer proposal resolve china taiwan tension reuters
10/8/2022,renault open cut stake nissan bloomberg report reuters
10/8/2022,nissan press partner renault sell stake wsj reuters
10/8/2022,laugh tesla bot elon musk optimus real deal cnet
10/7/2022,elon musk say joe biden old second term touch people even possible
10/7/2022,elon musk father say friend suggest kid think bit weird
10/7/2022,elon musk say trump truth social app essentially right wing echo chamber might well call trumpet
10/7/2022,elon musk say beijing disapprove send starlink ukraine wanted promise sell satellite internet china
10/7/2022,bank lend elon musk billion buy twitter back
10/7/2022,one chart show much ceo pay outstrip worker wage
10/7/2022,pepsi set get first tesla electric truck reuters
10/7/2022,pepsico confirms tesla semi truck delivery start december reuters
10/7/2022,explainer elon musk pay twitter reuters
10/7/2022,bet flexibility china nio rent car market reuters
10/7/2022,breakingviews best destination softbank arm ipo nowhere reuters
10/7/2022,ticktock start twitter board reuters
10/7/2022,tesla set deliver long delay electric truck pepsi december
10/7/2022,fate elon musk deal buy twitter come money
10/7/2022,musk say tesla electric semi truck start production
10/7/2022,elon musk partner pepsi attempt disrupt shipping industry
10/7/2022,tesla optimus problem humanoid
10/7/2022,robot maker say win weaponize product cnet
10/6/2022,pay house cleaner best money ever spend
10/6/2022,ford make lightning pro expensive supply chain snag second time company raise price month
10/6/2022,old photo elon musk ghislaine maxwell tag note twitter say photo evidence suggest converse context feature roll
10/6/2022,elon twitter drama
10/6/2022,elon musk late twitter tesla move show lose golden touch business insider
10/6/2022,future fall high oil price stoke inflation worry tesla fall reuters
10/6/2022,bvtv musk twitter mess reuters
10/6/2022,twitter slip investor await fund detail musk bln deal reuters
10/6/2022,four member spacex crew near rendezvous space station reuters
10/6/2022,jueza pone pausa juicio entre elon musk twitter
10/6/2022,elon musk could change twitter
10/6/2022,elon musk deposition twitter dispute postpone amid revive talk complete acquisition
10/5/2022,elon musk may lose midas touch
10/5/2022,elon musk say twitter purchase accelerate creation long discus everything app
10/5/2022,billionaire investor carl icahn score million gain twitter stock call elon musk bluff report say
10/5/2022,shark tank investor kevin leary say twitter even worth billion elon musk start scratch want make money back
10/5/2022,bank line billion financing elon musk twitter deal reportedly face steep loss appetite risky debt sour
10/5/2022,elon musk deal twitter back short seller hindenburg research dump share takeover target
10/5/2022,twitter employee vent social medium private forum elon musk agreement buy twitter
10/5/2022,twitter say elon musk attention seeker billionaire offer buy company billion
10/5/2022,elon musk likely face staggering legal bill high million failed attempt back buy twitter
10/5/2022,elon musk sell tesla stock fund twitter takeover like give away caviar buy pizza wedbush dan ives say
10/5/2022,elon musk stand big loser twitter deal
10/5/2022,percentage electric vehicle owner switch back gas shrink
10/5/2022,elon musk surrender buying twitter could deliver million profit florida hedge fund report say
10/5/2022,ceo already prepare recession plan include lay staff cut spending environmental issue major survey show
10/5/2022,musk move close twitter deal leave tesla investor worry reuters
10/5/2022,breakingviews musk messy twitter deal could factor reuters com
10/5/2022,ford hike price electric truck inflation bite reuters
10/5/2022,elon musk twitter yet reach deal end litigation source reuters
10/5/2022,icahn twitter stake worth mln musk face wsj reuters
10/5/2022,breakingviews aussie takeover saga epic farce reuters com
10/5/2022,bank finance musk twitter deal face hefty loss reuters
10/5/2022,explainer everything app elon musk want make one reuters
10/5/2022,biden recorrer los lugares que ian devast florida mientras disputa con desantis queda lado
10/5/2022,elon musk may want wechat world win easy build
10/5/2022,elon musk twitter acquisition deal yet
10/5/2022,biden tour ian damage florida desantis feud hold
10/5/2022,tesla ditch ultrasonic sensor car bet camera driver assistance
10/4/2022,twitter soar report elon musk propose move forward billion takeover
10/4/2022,amazon reportedly freeze hire corporate wing global retail business
10/4/2022,pressure lift currency monday government announce turn tax plan send pound low dollar know
10/4/2022,tesla remove vehicle sensor amid autopilot scrutiny reuters
10/4/2022,demand tesla car could cool reuters
10/4/2022,kremlin welcome elon musk proposal ukraine settlement denounce kyiv reuters
10/4/2022,ford report strong demand vehicle september reuters
10/4/2022,musk say ahead share twitter deal bloomberg reporter reuters
10/4/2022,breakingviews shocker aussie hike sends global calming signal reuters
10/4/2022,sale flop require bertelsmann detour reuters
10/4/2022,breakingviews berkshire successor follow buffett lead reuters
10/4/2022,wall future jump treasury yield retreat reuters
10/4/2022,musk twitter capitulation painful reuters
10/4/2022,rechazo ucrania elon musk por plan paz solicitado
10/4/2022,liquid death water company worth million
10/4/2022,wrong place wrong time thing badly twitter ceo quickly
10/4/2022,elon musk tell twitter want ahead original deal accord bloomberg
10/4/2022,see tesla optimus robot close take seriously cnet
10/4/2022,elon musk tweet poll stupid president ukraine dunk
10/4/2022,twitter share halt amid report elon musk ahead buyout
10/3/2022,morale suck startup like lucid rivian could death blow tesla wannabe
10/3/2022,tesla sink maker quarter delivery notch record fall short expectation
10/3/2022,jack dorsey call facebook swamp despair private text elon musk
10/3/2022,big short investor danny moses blast fed pump asset price predicts market win bottom meme stock plunge
10/3/2022,big short legend michael burry warn stock keep fall predict many investor suffer heavy loss
10/3/2022,nasdaq future hobble tesla weakness reuters
10/3/2022,logistics issue see tesla share slide reuters
10/3/2022,tesla slide logistic issue widen delivery production gap reuters
10/3/2022,musk zelenskiy twitter showdown billionaire peace plan reuters
10/3/2022,inflation put auto industry low gear reuters
10/3/2022,samsung elec triple advanced chip production see robust demand reuters
10/3/2022,thing know oct hurricane scotus brazil united airline food recall
10/3/2022,elon musk spark backlash ukrainian official unsolicited peace plan
10/3/2022,fully autonomous tractor make deere tesla farm
10/2/2022,tesla deliver vehicle third quarter set record still fall short estimate due logistical challenge
10/2/2022,tesla third quarter delivery miss estimate reuters
10/2/2022,tesla deliver car third quarter fall short forecast cnn
10/2/2022,tesla vehicle delivery rebound record china shutdown
10/2/2022,tesla build electric vehicle percent
10/1/2022,tesla humanoid robot optimus wave dance stage company event elon musk say bot could want fall face
10/1/2022,elon musk tout importance tesla publicly trade company year try take private funding secure tweet
10/1/2022,elon musk ask twitter use trump search term help calculate number fake account report say
10/1/2022,tesla ceo elon musk showcase humanoid robot reuters
10/1/2022,musk advice young self stop smell rose reuters
10/1/2022,robot tesla camin lentamente sobre escenario inteligencia artificial
10/1/2022,tesla robot slowly walk stage day
10/1/2022,video tesla debut robot optimus dance water plant cnn business
10/1/2022,tesla customer run full self drive beta
10/1/2022,tesla show underwhelming human robot prototype day
10/1/2022,elon musk twitter bos message show pair fell
9/30/2022,apple tell broad stock market consumer spending habit sell may loom retail trader
9/30/2022,elon musk twitter juicy private text musk billionaire buddy discus plan twitter
9/30/2022,elon musk praise russian state medium propaganda outlet text court document show
9/30/2022,exclusive tesla output forecast show jump growth source reuters
9/30/2022,elon musk set showcase tesla humanoid robot delay reuters
9/30/2022,future edge high ahead key inflation data reuters
9/30/2022,tesla day expect
9/30/2022,mensajes texto elon musk revelan relaci con twitter
9/30/2022,elon musk text show relationship twitter sideways
9/30/2022,electric vehicle road ever see charge gap highway
9/30/2022,watch tesla day event
9/30/2022,bipedal robot set meter record
9/30/2022,tesla day everything learn tesla bot dojo cnet
9/30/2022,maker faire zagreb light tesla museum
9/30/2022,elon musk hit longtime auto rival ironic
9/30/2022,musk widely expect unveil humanoid robot optimus tesla day later today
9/29/2022,retail investor throw towel finally sell apple tesla stumble vanda research say
9/29/2022,elon musk say tesla cybertruck able serve briefly boat cross river lake
9/29/2022,newly reveal private text show jack dorsey try get elon musk involve twitter least year billion deal trust dorsey write
9/29/2022,elon musk lay idea blockchain base social medium platform brother kimbal private text could massive
9/29/2022,elon musk private signal chat famed investor marc andreessen show short sweet deal making big fish
9/29/2022,trove elon musk text release everything learn
9/29/2022,renault hold capital market day nov reuters com
9/29/2022,wall street future resume fall economic worry weigh reuters
9/29/2022,use car become unaffordable
9/29/2022,elon musk lawyer say first amendment right violate required pre approval tesla tweet
9/28/2022,elon musk superfan make forbes list snap tesla stock pandemic
9/28/2022,grime say afford house austin without elon musk help
9/28/2022,elon musk seek narrow sec consent decree end pre approval tweet reuters
9/28/2022,apple worsens selloff beleaguered growth stock reuters com
9/28/2022,future drop report apple slow iphone production spark selloff reuters
9/28/2022,toyota start sell small electric sedan china year end source reuters
9/28/2022,elon musk robot work hard impress tesla day
9/27/2022,buy tesla stock step step guide
9/27/2022,tesla keep shanghai plant maximum output source reuters
9/27/2022,tesla worker lawsuit layoff likely belongs arbitration judge say reuters
9/27/2022,exclusive tesla keep output upgraded shanghai plant maximum source reuters
9/27/2022,hertz tie charger installation north america reuters
9/27/2022,afl cio request usmca labor complaint saint gobain glassmaker mexico reuters
9/27/2022,stock power outrun tesla
9/27/2022,student side project help decide musk twitter
9/26/2022,elon musk texting larry ellison early morning hour announce twitter purchase hold court filing say
9/26/2022,chief revenue sale officer earn startup role involve key skill need land
9/26/2022,twitter deposes musk know ornery testimony reuters
9/26/2022,twitter interview elon musk know combative testimony reuters
9/26/2022,future shackle rate hike recession worry reuters
9/23/2022,amazon walk back staffer raise internal bug miscalculate compensation
9/23/2022,year old track elon musk mark zuckerberg private jet say facebook take page violate policy
9/23/2022,energy ink cobalt lithium supply deal three canadian miner reuters
9/23/2022,future slide growth concern reuters
9/23/2022,fisker sell electric suv india view local production reuters
9/23/2022,tesla llama revisi millones auto por falla ventanas
9/23/2022,cosas que debes saber este septiembre los militares rusos est divididos
9/23/2022,tesla countersues california civil right department sue tesla racial discrimination
9/22/2022,elon musk say brother financially support year old father errol since run money
9/22/2022,tesla recall million car fault automatic window
9/22/2022,elon musk say spacex avoids use patent build rocket weak block innovation
9/22/2022,amazon unit employee focus help engineer avoid rote work
9/22/2022,cloud software startup gusto win investor small business break away pack
9/22/2022,tesla window issue lead recall reuters
9/22/2022,tesla countersues california agency behind race bias lawsuit reuters
9/22/2022,tesla recall nearly million vehicle update window reverse software reuters
9/22/2022,future steady fed driven selloff reuters
9/22/2022,hertz buy electric vehicle
9/22/2022,stop take reservation hummer
9/22/2022,million tesla recall window pinch finger
9/21/2022,big short investor michael burry reveals bet tesla right say
9/21/2022,tesla owner say lock electric car battery die issue say cost fix
9/21/2022,use tesla autopilot first time find make long drive bearable long remember
9/21/2022,soar natural gas price prompt european company move manufacturing operation
9/21/2022,hundred twitter worker flee company
9/21/2022,analysis rally consumer stock teeter fed inflation focus reuters
9/21/2022,xpeng claim suv world fast charge
9/21/2022,elon musk say optimus tesla human like robot premiere september amid investor hesitancy
9/20/2022,make jet engine power tesla
9/20/2022,meme stock amc gamestop round top company hold robinhood user
9/20/2022,twitter get first chance question elon musk oath make rare move also depose lawyer
9/20/2022,mark zuckerberg lose billion net worth bump rich person world
9/20/2022,elon musk face skeptic tesla get ready unveil optimus robot reuters
9/20/2022,factbox challenge automaker tesla face humanoid robot reuters
9/20/2022,musk face skeptic prior optimus robot debut reuters
9/20/2022,twitter depose elon musk delaware sept reuters
9/20/2022,ford share fall warning high inflation relate supply cost reuters
9/20/2022,hertz plan order electric vehicle reuters
9/20/2022,tesla megapack battery fire facility california
9/20/2022,interested far good stock buy tesla
9/19/2022,drive tesla model discover reason buy elon musk electric suv
9/19/2022,tesla gigafactory reportedly warning employee smoke exposure amid mosquito fire change air filter work continue
9/19/2022,tesla must tell laid worker lawsuit judge rule reuters
9/19/2022,tesla german battery plant land extension track mayor reuters
9/19/2022,tesla complete production capacity expansion shanghai plant shanghai govt reuters
9/19/2022,future fall rate hike worry reuters
9/19/2022,electric vehicle could rescue power grid
9/18/2022,tesla aim double vehicle sale germany automobilwoche reuters
9/18/2022,whistleblower claim may free elon musk twitter hook
9/17/2022,linkedin founder elon musk longtime friend say worry hear billionaire decision buy twitter like god another huge problem
9/17/2022,stock market crash risk fall low business insider
9/17/2022,man rivian want change buy car
9/17/2022,tesla texas gigafactory make model suv
9/16/2022,growth stock company expect rise faster overall market offering big gain investor mind risk
9/16/2022,elon musk college girlfriend sell collection photo memento auction
9/16/2022,google cloud plan unfreeze hiring october leak memo say
9/16/2022,recession indicator flash wall street fear gauge suggests stock hit bottom want know
11/5/2022,explainer twitter layoff violate law
11/5/2022,market rally buckle feed apple tesla cloud stock
11/5/2022,meme stock legitimate long term upside
11/5/2022,thing know elon musk twitter morning brief
11/5/2022,tesla stock byd stock tesla real challenger report surge sale
11/5/2022,tesla stock byd stock tesla real challenger report surge sale
11/5/2022,could elon musk twitter purchase help cryptocurrencies surge
11/5/2022,elon musk say next twitter advertiser bow activist demand leave platform
11/5/2022,elon musk quest revive twitter likely fail
11/4/2022,twitter elon musk big testand tesla big challenge theyll make work
11/4/2022,elon musk get credit key exec dont get spotlight
11/4/2022,elon musk risk legacy billion twitter
11/4/2022,tesla stock sideswipe twitter issue near breaking point
11/4/2022,top car stock
11/4/2022,twitter layoff day elon musk make case subscription fee
11/4/2022,elon musk cite massive drop twitter revenue question business mount
11/4/2022,elon musk cite massive drop twitter revenue question business mount
11/4/2022,elon musk get reality check
11/4/2022,explainer twitter layoff violate law
11/4/2022,twitter may lose one million account since elon musk takeover report suggest old
11/4/2022,explainer twitter layoff violate law
11/4/2022,industrial vacancy rate reach record low expert say difficult keep demand
11/4/2022,elon musk california hyperloop test tunnel dismantle become parking space report
11/4/2022,dow jones pares gain strong job report chinese stock extend upside tesla china delivery
11/4/2022,innovative company world
11/4/2022,auto part giant cut guidance good news ford tesla
11/4/2022,tesla inc tsla trend stock fact know bet
11/4/2022,big electric car company world
11/4/2022,zacks market edge highlight tesla general motor ford motor toyota motor ferrari
11/4/2022,mass layoff begin twitter
11/4/2022,dogecoin slump report suggest twitter crypto dream pause
11/4/2022,cathie wood ark invest venture capital fund feature elon musk twitter big holdingand lot risk
11/4/2022,cathie wood ark invest venture capital fund feature elon musk twitter big holdingand lot risk
11/4/2022,tesla tsla safe investment avenue
11/3/2022,twitter layoff set start employee worry get severance
11/3/2022,best small cap stock buy
11/3/2022,elon musk revamps twitter help tesla staff
11/3/2022,china sale byd achieve electric milestone october sale surge
11/3/2022,tesla china delivery slip record high amid price cut lockdown
11/3/2022,eric idle slam elon musk twitter verification plan say steal monty python
11/3/2022,tesla california market share slip rival step
11/3/2022,tesla california market share slip rival step
11/3/2022,elon musk put box
11/3/2022,saudi arabia launch electric car company challenge tesla
11/3/2022,chinese tycoon spent year billion unbuilt
11/3/2022,elon musk news late twitter owner respond blue tick complaint
11/3/2022,ford tesla nikola stock morning
11/3/2022,executive wake collective blind spot
11/3/2022,tesla china delivery slip record high despite price cut
11/3/2022,buy auto stock
11/3/2022,tesla see china slowdown nasdaq stock fare much bad
11/3/2022,tesla ship china make october cpca
11/3/2022,tesla china delivery fall october record high
11/3/2022,tesla ship china make october cpca
11/3/2022,influencers andy serwer fred krupp
11/3/2022,elon musk visionary edf president
11/3/2022,tesla china shipment fall price cut covid create problem
11/3/2022,forget dogecoin crypto could even big winner elon musk twitter takeover
11/3/2022,elon musk twitter day drama hasnt end
11/3/2022,elon musk twitter day happening
11/2/2022,tesla stock sag federal reserve pull plug
11/2/2022,catturd twitter account highlight elon musk turn tesla billionaire
11/2/2022,elon musk major move first week twitter ownership
11/2/2022,tesla share drop wednesday
11/2/2022,tesla tsla safe investment today
11/2/2022,tesla ceo musk twitter get binance funding founder jack dorsey stake weigh
11/2/2022,tesla close retail showroom china strategy shift
11/2/2022,ford share sink recover today
11/2/2022,tesla begin cybertruck mass production next year report say
11/2/2022,best rebound stock buy
11/2/2022,elon musk get distract run tesla expert weigh
11/2/2022,tesla elon musk face trial againthis time billion paycheck thats large human history
11/2/2022,elon musk net worth fall since twitter takeover
11/2/2022,elon musk twitter bos rule immediate trump return president celebrates takeover
11/2/2022,well bear market buy tesla ford stock
11/2/2022,high octane growth stock upside accord wall street
11/2/2022,tesla shuts main showroom beijing shift china strategy report
11/2/2022,update tesla close first showroom china retail strategy shift source
11/2/2022,update tesla close first showroom china retail strategy shift source
11/2/2022,elon musk net worth fall since twitter takeover
11/2/2022,tesla close first showroom china retail strategy shift source
11/2/2022,tesla close first showroom china retail strategy shift source
11/1/2022,ford stock move slow lane tuesday
11/1/2022,elon musk style swiss iranian
11/1/2022,tesla push cybertruck production delivery schedule back another year
11/1/2022,five thing elon musk want change twitter right away
11/1/2022,elon musk tweet cause dogecoin spike inspires scam cryptos
11/1/2022,musk say twitter charge blue tick
11/1/2022,elon musk takeover twitter everything need know
11/1/2022,invest tesla stock tsla
11/1/2022,tesla meme stock meme stock buy
11/1/2022,tesla stock morning
11/1/2022,delivery nio xpeng auto dreadful stock rise anyway
11/1/2022,elon musk tap tesla employee work twitter
11/1/2022,stephen king elon musk spar twitter charge monthly verification
11/1/2022,tesla cybertruck mass production slat next year report
11/1/2022,dogecoin fly elon musk tweet gain may come big crash
11/1/2022,tesla big cybertruck sale thats late
11/1/2022,tesla loan engineer twitter thats investor want hear
11/1/2022,stock rise market open meta tesla move high
11/1/2022,tesla monetize cybertruck next year
11/1/2022,elon musk cryptic halloween tweet sends doge soar
11/1/2022,zuckerberg bezos musk lose staggering amount money
10/20/2022,spacex pentagon deepen tie
10/19/2022,tesla poise near record earnings demand concern loom wall street journal
10/10/2022,tesla break china factory delivery record trail byd fox business
10/15/2022,tesla netflix set report earnings recession talk mount wall street journal
10/25/2022,deepfakes celebs appear without permission
10/20/2022,tesla valuation add today never mind trillion tomorrow
11/3/2022,twitter layoff set start employee worry get severance
11/3/2022,best small cap stock buy
11/3/2022,elon musk revamps twitter help tesla staff
11/3/2022,tesla stock byd stock tesla real challenger report surge sale
11/3/2022,tesla stock byd stock tesla real challenger report surge sale
11/3/2022,china sale byd achieve electric milestone october sale surge
11/3/2022,tesla china delivery slip record high amid price cut lockdown
11/3/2022,eric idle slam elon musk twitter verification plan say steal monty python
11/3/2022,tesla california market share slip rival step
11/3/2022,tesla california market share slip rival step
11/3/2022,elon musk put box
11/3/2022,saudi arabia launch electric car company challenge tesla
11/3/2022,chinese tycoon spent year billion unbuilt
11/3/2022,elon musk news late twitter owner respond blue tick complaint
11/3/2022,ford tesla nikola stock morning
11/3/2022,ford tesla nikola stock morning
11/3/2022,executive wake collective blind spot
11/3/2022,tesla china delivery slip record high despite price cut
11/3/2022,buy auto stock
11/3/2022,tesla see china slowdown nasdaq stock fare much bad
11/3/2022,tesla ship china make october cpca
11/3/2022,tesla china delivery fall october record high
11/3/2022,tesla ship china make october cpca
11/3/2022,influencers andy serwer fred krupp
11/3/2022,elon musk visionary edf president
11/3/2022,tesla china shipment fall price cut covid create problem
11/3/2022,forget dogecoin crypto could even big winner elon musk twitter takeover
11/3/2022,elon musk twitter day drama hasnt end
11/3/2022,elon musk twitter day happening
11/2/2022,tesla stock sag federal reserve pull plug
11/2/2022,catturd twitter account highlight elon musk turn tesla billionaire
11/2/2022,catturd twitter account highlight elon musk turn tesla billionaire
11/2/2022,elon musk major move first week twitter ownership
11/2/2022,tesla share drop wednesday
11/2/2022,tesla tsla safe investment today
11/2/2022,tesla ceo musk twitter get binance funding founder jack dorsey stake weigh
11/2/2022,tesla close retail showroom china strategy shift
11/2/2022,ford share sink recover today
11/2/2022,tesla begin cybertruck mass production next year report say
11/2/2022,best rebound stock buy
11/2/2022,elon musk get distract run tesla expert weigh
11/2/2022,tesla elon musk face trial againthis time billion paycheck thats large human history
11/2/2022,elon musk net worth fall since twitter takeover
11/2/2022,elon musk twitter bos rule immediate trump return president celebrates takeover
11/2/2022,well bear market buy tesla ford stock
11/2/2022,high octane growth stock upside accord wall street
11/2/2022,tesla shuts main showroom beijing shift china strategy report
11/2/2022,update tesla close first showroom china retail strategy shift source
11/2/2022,update tesla close first showroom china retail strategy shift source
11/2/2022,elon musk net worth fall since twitter takeover
11/2/2022,tesla close first showroom china retail strategy shift source
11/2/2022,tesla close first showroom china retail strategy shift source
11/1/2022,ford stock move slow lane tuesday
11/1/2022,elon musk style swiss iranian
11/1/2022,tesla push cybertruck production delivery schedule back another year
11/1/2022,five thing elon musk want change twitter right away
11/1/2022,elon musk tweet cause dogecoin spike inspires scam cryptos
11/1/2022,musk say twitter charge blue tick
11/1/2022,elon musk takeover twitter everything need know
11/1/2022,invest tesla stock tsla
11/1/2022,tesla meme stock meme stock buy
11/1/2022,tesla stock morning
11/1/2022,delivery nio xpeng auto dreadful stock rise anyway
11/1/2022,elon musk tap tesla employee work twitter
11/1/2022,stephen king elon musk spar twitter charge monthly verification
11/1/2022,tesla cybertruck mass production slat next year report
11/1/2022,dogecoin fly elon musk tweet gain may come big crash
11/1/2022,tesla big cybertruck sale thats late
11/1/2022,tesla loan engineer twitter thats investor want hear
11/1/2022,stock rise market open meta tesla move high
11/1/2022,tesla monetize cybertruck next year
11/1/2022,elon musk cryptic halloween tweet sends doge soar
11/1/2022,zuckerberg bezos musk lose staggering amount money
11/1/2022,factbox tesla autopilot face unprecedented scrutiny
11/1/2022,tesla crash trial california hinge question man machine
11/1/2022,tesla send shanghai worker california factory boost
11/1/2022,tesla crash trial california hinge question man machine
11/1/2022,exclusive tesla plan mass production start cybertruck end source
11/1/2022,musk mull major change twitter hit roadblock
11/1/2022,five thing elon musk hate twitter want change
11/1/2022,press digest wall street journal nov
10/31/2022,update elon musk run four company twitter ceo
10/31/2022,update elon musk run four company twitter ceo
10/31/2022,update elon musk run four company twitter ceo
10/31/2022,update elon musk say twitter ceo
10/31/2022,update elon musk say twitter ceo
10/31/2022,tesla talk glencore buy stake miner
10/31/2022,elon musk ousts twitter board name sole director
10/31/2022,twitter lot debt issue teslayet
10/31/2022,update elon musk spacex expect first starship launch orbit year nasa
10/31/2022,update elon musk spacex expect first starship launch orbit year nasa
10/31/2022,racist tweet fly across twitter elon musk finalize purchase platform
10/31/2022,elon musk spacex expect first starship launch orbit year nasa
10/31/2022,tesla stock drop monday morning
10/31/2022,tesla consider stake mine giant glencore thats bad idea
10/31/2022,tesla glencore indonesia scramble battery metal intensify
10/31/2022,apple microsoft market cap reach large spread record roughly tesla entire valuation
10/31/2022,tesla supplier commence kansa battery plant construction november
10/31/2022,spac boom fizzle wrong
10/31/2022,ultra popular stock trick treat
10/31/2022,tesla apple petrobras fall premarket wynn resort rise
10/31/2022,update panasonic start building kansa battery plant next month
10/27/2022,tesla face criminal probe source reuters
10/4/2022,tesla remove vehicle sensor amid autopilot scrutiny reuters
10/24/2022,toyota scramble reboot catch tesla reuters
10/27/2022,two senator encourage tesla criminal probe report reuters
10/27/2022,tesla recall vehicle seat belt issue reuters
10/24/2022,tesla slash price china reuters
11/1/2022,tesla plan mass production start cybertruck source reuters
11/3/2022,tesla ship china make october cpca reuters
10/19/2022,tesla miss quarterly revenue estimate share slump reuters
10/20/2022,tesla miss revenue elon musk downplay concern reuters
10/7/2022,pepsi set get first tesla electric truck reuters
10/17/2022,tesla step job recession cloud gather reuters
10/20/2022,nasdaq future fall tesla warns delivery reuters
11/3/2022,factbox advertiser react twitter ownership reuters
10/21/2022,musk say recession could last reuters
10/17/2022,tesla seek full retrial factory worker race bias lawsuit reuters
10/19/2022,musk say excite twitter deal despite overpay reuters
10/20/2022,tesla flag car ready approve fully self drive year reuters
11/3/2022,tesla california market share slip rival step reuters com
10/20/2022,shareholder group want tesla link musk pay esg metric reuters
10/20/2022,tesla fall delivery warning spark doubt growth momentum reuters
10/6/2022,future fall high oil price stoke inflation worry tesla fall reuters
10/24/2022,elon musk eye potential investment mexico nuevo leon state source reuters
10/24/2022,exclusive toyota scramble reboot eye tesla reuters
11/1/2022,exclusive tesla plan mass production start cybertruck end source reuters
10/26/2022,exclusive tesla face criminal probe self drive claim source reuters
10/11/2022,many driver treat partially automated car self drive study reuters
10/25/2022,breakingviews toyota plan suggest smarter drive reuters
10/14/2022,tesla put plan battery cell production hold german plant handelsblatt reuters
10/5/2022,musk move close twitter deal leave tesla investor worry reuters
10/18/2022,tesla top battery electric vehicle registration germany beating volkswagen reuters
10/20/2022,fly car california startup alef attract early tesla investor reuters com
10/11/2022,take tesla home commercial energy storage management reuters
10/7/2022,pepsico confirms tesla semi truck delivery start december reuters
10/18/2022,wall street rally throw spotlight report tesla netflix reuters
10/7/2022,explainer elon musk pay twitter reuters
10/27/2022,tesla model top car registration europe september report reuters
10/27/2022,breakingviews tesla china price cut play offence defence reuters
11/1/2022,musk say twitter ceo run five firm reuters com
10/5/2022,breakingviews musk messy twitter deal could factor reuters com
10/21/2022,exclusive automaker double spending ev battery trillion reuters
11/2/2022,fact check fabricate screenshot elon musk tweet say buy tiktok delete reuters com
10/6/2022,twitter slip investor await fund detail musk bln deal reuters
11/4/2022,factbox twitter firing wary advertiser dominate musk first week chief reuters
10/8/2022,russia ukraine plan musk offer proposal resolve china taiwan tension reuters
10/10/2022,renault plan network charge station along european motorway reuters
10/17/2022,wall future higher focus earnings reuters
11/4/2022,explainer twitter layoff violate law reuters
10/5/2022,elon musk twitter yet reach deal end litigation source reuters
10/12/2022,spacex take entrepreneur dennis tito starship around moon reuters
10/10/2022,paypal say never intend fine user misinformation bloomberg news reuters
10/19/2022,elon musk say starlink network ukraine receive funding reuters
10/28/2022,german government consider whether stay twitter musk takeover reuters
10/23/2022,neuralink show tell delay one month elon musk say reuters
10/31/2022,battery production face supply chain geopolitical headwind report reuters
10/11/2022,chinese battery maker catl expect profit nearly triple reuters
10/19/2022,nasdaq future bolster netflix subscriber turnaround reuters com
10/18/2022,twitter lock staff stock account anticipation deal bloomberg news reuters
10/5/2022,icahn twitter stake worth mln musk face wsj reuters
10/12/2022,wall future rise focus inflation data feed minute reuters
10/8/2022,renault open cut stake nissan bloomberg report reuters
10/8/2022,nissan press partner renault sell stake wsj reuters
10/20/2022,sierra join general motor electric truck family early reuters
10/29/2022,ukraine question twitter takeover amid precarious tie musk reuters com
11/1/2022,musk say twitter charge blue tick reuters
11/2/2022,twitter reinstate ban user without clear process musk say reuters
10/7/2022,bet flexibility china nio rent car market reuters
10/19/2022,morning bid earnings rate reuters com
10/9/2022,chinese ambassador thanks musk proposal taiwan reuters com
10/17/2022,ev hybrid make renault brand europe sale exec reuters
10/14/2022,spacex capsule leave space station bring astronaut back earth reuters
10/19/2022,always sunny philadelphia actor say tesla lose customer car stick parking garage day key fob break
10/20/2022,elon musk say tesla surpass combined value apple saudi aramco world valuable company
10/21/2022,elon musk arch enemy fed
10/20/2022,tesla flirt first ever share buyback signal company think stock undervalue
10/20/2022,elon musk lofty goal come back bite get harder
10/23/2022,always sunny philadelphia aladdin celebrity trouble tesla
10/5/2022,elon musk may lose midas touch
10/20/2022,elon musk say like warren buffett actually make thing rule copy berkshire hathaway model
10/21/2022,elon musk compliment top putin official ally troll liz truss get invite moscow
10/21/2022,elon musk could sell billion tesla stock next week get train wreck twitter deal wedbush say
10/11/2022,drive sporty electric suv tesla kia buy model
10/20/2022,elon musk say tesla value could soar fold trillion twitter might worth billion fed cut interest rate best quote tesla earnings call
10/26/2022,elon musk change twitter bio chief twit ahead rapidly approach deadline finalize deal
10/24/2022,drive electric suv tesla hyundai pick ioniq super fast charging futuristic look
10/23/2022,elon musk fortune fall billion le year still world richest person
10/31/2022,short seller jim chanos warn tesla stock price absurd hope dream elon musk seem distract twitter
11/2/2022,elon musk bring least engineer tesla twitter little experience design social network use entirely different programming language altogether report say
11/4/2022,elon musk appear order tesla spacex sticker million gulfstream jet
10/27/2022,elon musk lawyer say billion tesla pay package justified typical ceo november trial approach
10/25/2022,drive tesla model test electric car love sleek interior easy charge giant screen overkill
10/20/2022,quarter rainbow rose wall street reacts tesla mixed quarter earnings report
10/20/2022,elon musk say tesla could buy back billion share next year
10/28/2022,tesla competitor reportedly temporarily suspend advertising twitter elon musk takeover
10/27/2022,thousand kid size tesla cyberquad atvs recall fail meet safety regulation
10/20/2022,jeff bezos say time company batten hatch recession loom elon musk say tesla pedal metal plan cut production
10/29/2022,elon musk billion poorer take control twitter mean net worth fall billion year
10/7/2022,elon musk say joe biden old second term touch people even possible
10/16/2022,elon musk combination einstein tesla rockefeller say former spacex exec even mother admit one want
10/28/2022,meet member congress trade stock elon musk company
11/2/2022,chinese tesla rival xpeng build literal interpretation fly car see yet watch maiden voyage
10/21/2022,drive mercedes benz tesla rival experience electric screen fill future luxury car
10/12/2022,elon musk kremlin deny tesla ceo speak putin russia invasion ukraine
10/8/2022,tesla competitor rivian recall nearly almost vehicle act urgency caution
10/11/2022,elon musk tout big plan tesla optimus robot expert doubt next big thing
10/5/2022,elon musk say twitter purchase accelerate creation long discus everything app
10/28/2022,dogecoin soar past week elon musk twitter takeover lift hope expansion payment
11/1/2022,elon musk rival austin russell say tesla become self drive anytime soon
10/13/2022,elon musk get really angry employee first company zip still work clock night colleague tell bbc documentary
10/11/2022,tesla ceo elon musk speak vladimir putin pitch ukraine peace plan twitter repeat kremlin talk point political scientist say
10/14/2022,elon musk investigate federal authority billion twitter deal company say court filing
10/11/2022,ghislaine maxwell reportedly ask elon musk destroy internet famous photo two billionaire claim photobomb
10/27/2022,elon musk say plan cut twitter job report
10/27/2022,twitter share suspend york stock exchange friday elon musk edge towards takeover
10/25/2022,clock tick elon musk buy twitter run time
11/3/2022,elon musk take away day rest twitter another major shift jack dorsey leadership style
10/5/2022,bank line billion financing elon musk twitter deal reportedly face steep loss appetite risky debt sour
10/5/2022,billionaire investor carl icahn score million gain twitter stock call elon musk bluff report say
10/5/2022,shark tank investor kevin leary say twitter even worth billion elon musk start scratch want make money back
10/5/2022,elon musk deal twitter back short seller hindenburg research dump share takeover target
10/7/2022,elon musk father say friend suggest kid think bit weird
10/21/2022,elon musk say think recession spring soon slam fed rate hike
10/21/2022,elon musk super bad feeling jamie dimon warning economic hurricane ceo shout suck predict
10/27/2022,elon musk say twitter obviously become free hellscape without consequence bid calm advertiser
11/3/2022,turkey president say want discus twitter blue tick fee elon musk see avoid pay report say
10/26/2022,elon musk post video enter twitter headquarters carry bathroom sink
10/26/2022,elon musk say apple battle spotify concern charge social medium revenue lot
10/5/2022,twitter employee vent social medium private forum elon musk agreement buy twitter
10/12/2022,twitter review rule around permanent ban amid elon musk takeover attempt trump unlikely get account back report say
10/19/2022,twitter frozen staff stock account concrete sign elon musk takeover deal close completion report say
10/5/2022,twitter say elon musk attention seeker billionaire offer buy company billion
10/15/2022,elon musk get middle night dug snow pick flower wife forget buy christmas present
10/7/2022,elon musk say trump truth social app essentially right wing echo chamber might well call trumpet
10/30/2022,elon musk fire twitter exec include ceo parag agrawal cause bid avoid pay ten million severance report say
11/3/2022,stephen king compare elon musk fictional character con friend chore charge follow twitter verification dispute
11/4/2022,elon musk vicious workplace former spacex say
10/30/2022,joe rogan praise elon musk want bring reasonable exchange idea back twitter
11/2/2022,ceo binance bet big musk twitter buyout million investment say extremely supportive freedom speech
11/4/2022,amber heard longer twitter day boyfriend elon musk buy platform
10/28/2022,twitter staff react elon musk takeover fully expect fire friday
10/31/2022,jack dorsey save elon musk billion roll share twitter stake private company
11/2/2022,twitter employee share picture bos sleeping bag mask office floor amid long hour tight deadline elon musk
11/3/2022,elon musk tell twitter advertiser want different tier content moderation similar movie age rating report say
10/15/2022,elon musk say publicly private text idea everything app
10/17/2022,elon musk pro russian peace deal classic putin clue russian leader role fiona hill argues
10/7/2022,elon musk say beijing disapprove send starlink ukraine wanted promise sell satellite internet china
10/11/2022,jpmorgan ceo jamie dimon say smart elon musk clean twitter remove bot account
11/7/2022,elon musk tell twitter follower vote republican day midterm despite say twitter politically neutral
11/7/2022,jack dorsey criticize elon musk decision rebrand birdwatch feature community note say boring facebook name ever
11/7/2022,dow jump point stock surge ahead midterm inflation report
11/7/2022,twitter manager viral sleep floor company survive elon musk layoff
11/6/2022,elon musk tell mark ruffalo everything aoc say accurate actor beg get twitter follow criticism lawmaker
11/6/2022,want ask elon musk twitter trump tesla seem kinda busy next best thing version
11/6/2022,want join twitter still hire role despite cut thousand job
